-- MySQL Script generated by MySQL Workbench
-- Wed May 26 15:26:54 2021
-- Model: New Model    Version: 1.0
-- MySQL Workbench Forward Engineering

SET @OLD_UNIQUE_CHECKS=@@UNIQUE_CHECKS, UNIQUE_CHECKS=0;
SET @OLD_FOREIGN_KEY_CHECKS=@@FOREIGN_KEY_CHECKS, FOREIGN_KEY_CHECKS=0;
SET @OLD_SQL_MODE=@@SQL_MODE, SQL_MODE='ONLY_FULL_GROUP_BY,STRICT_TRANS_TABLES,NO_ZERO_IN_DATE,NO_ZERO_DATE,ERROR_FOR_DIVISION_BY_ZERO,NO_ENGINE_SUBSTITUTION';

-- -----------------------------------------------------
-- Schema pmt_db
-- -----------------------------------------------------

-- -----------------------------------------------------
-- Schema pmt_db
-- -----------------------------------------------------
CREATE SCHEMA IF NOT EXISTS `pmt_db` DEFAULT CHARACTER SET utf8 ;
USE `pmt_db` ;

-- -----------------------------------------------------
-- Table `pmt_db`.`lists`
-- -----------------------------------------------------
CREATE TABLE IF NOT EXISTS `pmt_db`.`lists` (
  `id_list` INT NOT NULL,
  `content_list` VARCHAR(50) NOT NULL,
  PRIMARY KEY (`id_list`))
ENGINE = InnoDB
DEFAULT CHARACTER SET = utf8;


-- -----------------------------------------------------
-- Table `pmt_db`.`items`
-- -----------------------------------------------------
CREATE TABLE IF NOT EXISTS `pmt_db`.`items` (
  `id_item` INT NOT NULL,
  `content_item` VARCHAR(500) NULL,
  UNIQUE INDEX `id_item_UNIQUE` (`id_item` ASC) VISIBLE,
  PRIMARY KEY (`id_item`))
ENGINE = InnoDB;


-- -----------------------------------------------------
-- Table `pmt_db`.`association`
-- -----------------------------------------------------
CREATE TABLE IF NOT EXISTS `pmt_db`.`association` (
  `lists_id_list` INT NOT NULL,
  `items_id_item` INT NOT NULL,
  PRIMARY KEY (`lists_id_list`, `items_id_item`),
  INDEX `fk_lists_has_items_items1_idx` (`items_id_item` ASC) VISIBLE,
  INDEX `fk_lists_has_items_lists1_idx` (`lists_id_list` ASC) VISIBLE,
  UNIQUE INDEX `items_id_item_UNIQUE` (`items_id_item` ASC) VISIBLE,
  CONSTRAINT `fk_lists_has_items_lists1`
    FOREIGN KEY (`lists_id_list`)
    REFERENCES `pmt_db`.`lists` (`id_list`)
    ON DELETE NO ACTION
    ON UPDATE NO ACTION,
  CONSTRAINT `fk_lists_has_items_items1`
    FOREIGN KEY (`items_id_item`)
    REFERENCES `pmt_db`.`items` (`id_item`)
    ON DELETE NO ACTION
    ON UPDATE NO ACTION)
ENGINE = InnoDB
DEFAULT CHARACTER SET = utf8;


SET SQL_MODE=@OLD_SQL_MODE;
SET FOREIGN_KEY_CHECKS=@OLD_FOREIGN_KEY_CHECKS;
SET UNIQUE_CHECKS=@OLD_UNIQUE_CHECKS;

-- -----------------------------------------------------
-- Data for table `pmt_db`.`lists`
-- -----------------------------------------------------
START TRANSACTION;
USE `pmt_db`;
INSERT INTO `pmt_db`.`lists` (`id_list`, `content_list`) VALUES (1, 'Todo 1');
INSERT INTO `pmt_db`.`lists` (`id_list`, `content_list`) VALUES (2, 'Todo 2');
INSERT INTO `pmt_db`.`lists` (`id_list`, `content_list`) VALUES (3, 'Todo 3');

COMMIT;


-- -----------------------------------------------------
-- Data for table `pmt_db`.`items`
-- -----------------------------------------------------
START TRANSACTION;
USE `pmt_db`;
INSERT INTO `pmt_db`.`items` (`id_item`, `content_item`) VALUES (1, 'learning 1');
INSERT INTO `pmt_db`.`items` (`id_item`, `content_item`) VALUES (2, 'learning 2');
INSERT INTO `pmt_db`.`items` (`id_item`, `content_item`) VALUES (3, 'learning 3');
INSERT INTO `pmt_db`.`items` (`id_item`, `content_item`) VALUES (4, 'learning 4');
INSERT INTO `pmt_db`.`items` (`id_item`, `content_item`) VALUES (5, 'learning 5');
INSERT INTO `pmt_db`.`items` (`id_item`, `content_item`) VALUES (6, 'learning 6');

COMMIT;


-- -----------------------------------------------------
-- Data for table `pmt_db`.`association`
-- -----------------------------------------------------
START TRANSACTION;
USE `pmt_db`;
INSERT INTO `pmt_db`.`association` (`lists_id_list`, `items_id_item`) VALUES (1, 1);
INSERT INTO `pmt_db`.`association` (`lists_id_list`, `items_id_item`) VALUES (1, 2);
INSERT INTO `pmt_db`.`association` (`lists_id_list`, `items_id_item`) VALUES (1, 3);
INSERT INTO `pmt_db`.`association` (`lists_id_list`, `items_id_item`) VALUES (2, 4);
INSERT INTO `pmt_db`.`association` (`lists_id_list`, `items_id_item`) VALUES (2, 5);
INSERT INTO `pmt_db`.`association` (`lists_id_list`, `items_id_item`) VALUES (3, 6);

COMMIT;

